{
  "ticker": "AKVA",
  "optimized_at": "2026-02-06T01:33:37.575363",
  "optimization_method": "optuna_bayesian",
  "config": {
    "factors": [
      "mom1m",
      "beta",
      "vol3m",
      "vol1m",
      "mom36m",
      "mom6m",
      "maxret",
      "bm",
      "dy",
      "sp",
      "sg"
    ],
    "gb_weight": 0.8,
    "rf_weight": 0.19999999999999996,
    "gb_params": {
      "n_estimators": 50,
      "max_depth": 7,
      "learning_rate": 0.05044205855722298,
      "subsample": 1.0,
      "min_samples_leaf": 10
    },
    "rf_params": {
      "n_estimators": 100,
      "max_depth": 14,
      "min_samples_leaf": 40,
      "max_features": "sqrt"
    }
  },
  "performance": {
    "optimized": {
      "hit_rate": 69.56521739130434,
      "mae": 1.0697832453592058,
      "r2": 0.7112305456259749,
      "avg_quintile": 4.111111111111111,
      "ic": 0.8864711206431214,
      "sharpe": 2.9255170626049374
    },
    "default_baseline": {
      "hit_rate": 52.17391304347826,
      "mae": 2.1133959433206435,
      "r2": 0.068470550936517,
      "avg_quintile": 3.6666666666666665
    },
    "improvement": {
      "hit_rate_delta": 17.391304347826086,
      "mae_delta": 1.0436126979614377
    }
  },
  "factor_changes": {
    "dropped": [
      "mom11m",
      "chgmom",
      "vol12m",
      "ivol",
      "ep",
      "mktcap",
      "nokvol",
      "dum_jan"
    ],
    "added": [],
    "n_factors": 11
  },
  "metadata": {
    "n_predictions": 23,
    "training_periods": 0
  }
}